title,description,time
"Домашний сыр ""Панир""","Великолепный сыр собственными руками. Наверное, не существует ни одного сорта сыра, который мог бы соперничать с сыром из индийской кухни, называемом на хинди ""Паниром"". Этот великолепный сыр прост в приготовлении, не отнимает много времени, но имеет прекрасный тонкий вкус и универсален в использовании, хотя и может подаваться как отдельное блюдо.",30 января 2009 года
"Сыр ""Сливочный"" от бабы Шуры","Этот очень вкусный домашний сыр, который готовится 15 -20 минут, делала родная сестра моей бабушки - баба Шура. В детстве я очень любила бывать у неe в гостях - она пекла вкусные пироги с вишней и поздникой, а я просила еe сварить любимый сырок. В память о дорогой бабе Шуре, которой уже нет с нами, хочу поделиться этим рецептом.",22 сентября 2009 года
Адыгейский сыр без яиц и уксуса,"Автор Валентина, форум SAY-7. Сыр готовится очень легко и просто, получается вкусным, а главное что никаких яиц!",8 июля 2009 года
Домашняя брынза,"Думаю, мой рецепт понравится тем, кто часто готовит всеми любимый греческий салат. А брынза в доме не всегда есть. Предлагаю Вам за 2 часа сделать брынзу своими руками.",1 октября 2009 года
"Сыр ""Моцарелла""","Я очень люблю Моцареллу, особенно шарики помельче. Он великолепен в салатах или в пицце, или просто как закуска. Но его цена... не самая доступная. Поэтому я очень заинтересовалась, как же его приготовить дома. Перелопатив гору итальянских сайтов, я выбрала оптимальный вариант для домашнего приготовления. Оказалось очень просто.",3 июня 2010 года
"Сыр ""Филадельфия""","В разгаре мировой финансовый кризис... Сокращают людей, урезают, а то и вовсе не выплачивают зарплату... И невольно приходишь к тому, что нужно учиться экономить! Поэкспериментировала на кухне, и получилась отличная замена всем известному продукту, без которого многие кулинары не могут обойтись. Пользуйтесь на здоровье!!!",28 марта 2009 года
Сыр по-домашнему,"После того как в моей семье попробовали сыр в моем исполнении-для детей он стал заветным лакомством, а для мужа-любимейшим видом сыра (он любитель твердых сыров)! Отныне на магазинный сыр мои домочадцы смотрят брезгливо и с недоверием. Этот сыр я с гордостью подаю на стол на праздники, зная что уже через пять минут не останется ни кусочка и нужно будет подрезать еще! Этот сыр-моя гордость! Его оценили все-и домашние и гости! Поэтому смело делюсь своим рецептом!",28 августа 2015 года
"Плавленый сыр ""Сплошное удовольствие""","Плавленый сыр... что может быть вкуснее? В нашей семье этому продукту отводится особое место на столе! Данный сыр легко намазывать на бутерброды, хорошо добавить в спагетти и просто есть ложкой, как это делает мой папулечка!!! Предлагаю вам легкий рецепт плавленого сыра. Из 400 г творога получается почти полное майонезное ведерко! А вкус... ммммм! Попробуйте, не пожалеете!!!",19 мая 2010 года
Сливочная рикотта домашняя,"Рикотта – итальянский специалитет, традиционный итальянский сливочный сыр. Без него невозможно представить себе практически ни одно итальянское блюдо - равиоли, лазанья, овощи и десерты. Различают несколько видов рикотты: Ricotta fresca - свежий мягкий сыр белого цвета, используется для начинок, салатов, десертов, пиццы, блюд из пасты; Ricotta salata - зрелый соленый сыр, используется в тертом виде вместо пармезана; Ricotta affumicata - копченый зрелый сыр, используется самостоятельно или в тертом виде. В ассортименте сыров, предлагаемых магазинами нашего города, я встречаю только свежую рикотту (fresca). Её-то я и предлагаю приготовить в домашних условиях. Без лимонного сока!!! (как всего в двух предложенных на сайте рецептах), с добавлением сливок, путем естественного сквашивания у меня получилась, не побоюсь этого слова, ВЕЛИКОЛЕПНАЯ, натуральная, вкусная, нежная сливочная рикотта, в сто раз вкуснее магазинной (даже итальянской, стоящей немалых денег)! Помимо очевидной экономии, моя рикотта имеет гораздо более сливочную текстуру и мягкий вкус! Предлагаю Вам, дорогие поварята, ею насладиться!!!",3 ноября 2012 года
Домашний плавленый сыр,"Я большая любительница плавленого сыра, но в последнее время в магазине стало страшно покупать его, так как после прочтения состава есть его уже совсем не хочется! И вот я задалась задачей приготовить его сама, нашла вот такой рецепт, сыр готовится буквально за 10 минут. Результат превосходный, а главное - вкусно и полезно! С начинкой можно ""играть"". Рецепт нашла у katrin_kivi, за что ей большое спасибо!",4 июня 2011 года
"Домашний сыр ""Филадельфия""","Получается очень мягкий и очень нежный творожный сыр - похож на филадельфию, но вкуснее. Рецепт не быстрый, понадобится парочка дней, но это стоит того!!!",7 октября 2013 года
Твердый сыр с перцем и укропом,"Увидела в журнале рецепт сыра, твердого. Непромедлительно решила сделать и не разочаровалась, нахожусь в полном восторге. Сыр напоминает адыгейский, свежесваренный, только на мой вкус, гораздо вкуснее. В свое время у меня было несколько попыток сделать твердый сыр. Но все шло… коту под хвост ))) Я это дело забросила и делала в свое удовольствие только плавленый. А тут получилось, УРААА!!! Сыр на молоке и яйцах. Добавки также варьируются на свой вкус и цвет, я решила сделать с укропом для свежести и сладким перцем для аромата.",5 октября 2008 года
"Сыры ""Сулугуни"" и ""Адыгейский""","Что я хочу сказать вам, мои дорогие друзья? Видела много рецептов этих сыров, видела и у нас на «Поваренке» - похожие по ингредиентам, но разные по составу, пробовала разные рецепты, но эти считаю самыми приближенными к оригиналу сыра ""Сулугуни"" и ""Адыгейский"". Конечно, сыр можно купить в магазине, но те люди, которые живут в глубинке, не часто могут приобрести этот продукт, я уж не говорю о разнице в ценах. Попробуйте, эти сыры готовить легко, вы не будете разочарованы, т. к. по вкусу и качеству они мало отличаются от оригинала.",9 января 2010 года
Сыр домашний «Пикантный»,"По просьбе Светланы (Danna) и Натальи (Aprelia) выставляю рецепт плавленого домашнего сыра. Сыр можно сделать на свой вкус, с различными добавками, а можно оставить просто классический вариант, плавленый солоноватый сыр. Намазать на кусочек свежего, мягкого и пушистого батона или хрустящего тоста, а лучше уплетать с домашними теплыми булочками )))",13 сентября 2008 года
Сливочно-творожный сыр,"Сливочно-творожный сыр получается очень нежный, его можно использовать для приготовления крема-чиз, прекрасно подходит для детей, добавьте зелень, ветчину или грибы будет закуска, а если добавить ягоды, шоколад или сироп готов вкусный десерт, гораздо вкуснее магазиного, а главное в разы дешевле. Из данного количества продуктов получается примерно 1кг. сыра. Затрат примерно 300 рублей, в магазине сыр Almette (125гр.) стоит порядка 100 рублей, а то и больше. Экономия на лицо, для меня этот сыр просто спасение для приготовления тортов с кремом-чиз. Этот рецепт я нашла где-то на просторах интернета, к сожалению не помню имя автора, но огромное спасибо этому человеку! Попробуйте не пожалеете!",9 мая 2017 года
Домашний сыр с зеленым луком и тмином,"Я часто делаю домашний сыр. Я брала домашние продукты, но вполне можно использовать и магазинные. В этот раз я готовила с соевым соусом, зеленым луком и семенами тмина. Зелень и специи можно менять по своему вкусу.",24 мая 2014 года
Мягкий домашний сыр с укропом,"Сыр получается мягкий, ароматный, достаточно плотный, с легким сливочным послевкусием. Всего за один час можно приготовить такую замечательную закуску!",18 марта 2010 года
Домашний твердый сыр,Технология приготовления твердого сыра в домашних условиях.,4 мая 2013 года
"Норвежский коричневый сыр ""Брюност""","Brunost. Сегодня рецепт для гурманов. Будем готовить знаменитый норвежский коричневый сыр. Цвет варёной сгущёнки, аромат карамели, сладковатый вкус с кислинкой - это нужно попробовать, чтоб оценить необыкновенный, ни на что не похожий букет этого сыра. Его стоит приготовить хотя бы для расширения своего кулинарного кругозора. И не забудьте, что это можно приготовить в подарок!",10 ноября 2012 года
Брынза домашняя,"Это дебют. Не знали что у нас получится и не фотографировали. Все прошло замечательно, вот и результат. В следующий раз (а это будет очень скоро) обязательно заснимем весь процесс и сбросим.",27 февраля 2009 года
Сыр домашний,"Как говорится, «дело было вечером, делать было нечего»… Сижу за компом, жена на работе, малой лопает бутерброд с сыром… и пришла мне в голову светлая мысль: вот чем еще не занимался в своей долгой и противной жизни – так это сыроварением… Нуу... всякие фетты и рикотты мне не интересны, а вот брынза домашняя – штука хорошая! В результате нескольких экспериментов вывел рецепт, который подходит моей семье. Конечно, это не совсем брынза, но вкусно! И просто! И быстро! Хотя весь процесс и занимает около суток, но ""реального"" времени вы потратите не более 2-х часов...",13 марта 2017 года
"Сыр ""Бутербродный""","Отличный рецепт мягкого, нежного сыра - за 5 минут, без соды. Решила я сегодня поэкспериментировать и приготовить быстрый сырок на сметане, без соды. Когда попробовала, сама обалдела, как вкусно получилось!",11 января 2010 года
"Домашний сыр ""Моцарелла""","Думаю, что начать следует так. Никогда не понимал, что хорошего находят наши люди в пиццах. Вернее не так. Не понимал, что хорошего в пиццах в наших забегаловках и пиццах приготовленных дома (ну, знаете, такие сдобные пироги толщиной сантиметров 10 с наваленным в него \""всeчтобыловхолодил ьнике\""). Не понимал, пока не решил сделать еe сам. Всякие пироги отбросил сразу, взял рецепт натуральной итальянской. Вот тут-то я еe и раскурил, впрочем, как и друзья, что еe пробовали. Делал еe, до недавнего времени, на обычном нашем твeрдом сыре, но вот какое дело, вот, даже здесь, некоторые личности (которые перебрались в Италию) стали говорить, что пиццы без моцареллы не бывает (кстати правильно они говорят). Пришлось искать моцареллу. Нашел - не очень понравилась и дороговато как-то. ""Хочешь, чтоб было сделано хорошо - сделай это сам!"". Вот этим сейчас и займeмся...",11 марта 2011 года
Домашняя брынза,"Очень нежная малосольная брынза. Рецепт нашла в брошюрке ""Рецепты от читателей"". Пробуйте на здоровье!",4 октября 2010 года
Плавленый сыр в домашних условиях,"Вы любите плавленый сыр? А пробовали готовить его сами? Оказывается-это просто и быстро, а вкусно то как...",10 июля 2009 года
"Сыр ""Мраморный""","Очень вкусный витаминный сыр, с лeгким запахом чесночка. Кушать его одно удовольствие, да и выпечка с ним получается ароматная и красивая!",2 декабря 2009 года
"Крем-сыр ""Бонжур"" своими руками за 10 минут","Кремовый и нежный сыр идеальной консистенции. Время на приготовление - ровно 10 минут. Можно мазать на бутеры, в роллы добавлять, а можно использовать как дип для картошки, чипсов, овощей, курицы... Пробуйте, не пожалеете)",6 июня 2014 года
"Сыр ""Панир""","Панир можно добавлять в супы и овощные блюда, или есть прямо так. Прессованный панир можно использовать для приготовления сладостей или, нарезав кубиками, добавлять в овощные блюда в сыром или жареном виде. Панир не плавится и не теряет форму при варке или жарке, он свежий и натуральный, он очень вкусный.",9 мая 2016 года
"Сыр ""Фромаж Блан"" домашний","Fromage Blanc. Недавно на сайте мне попался интересный рецепт, в котором необходимо было использовать именно этот сыр. Даже у нас в Питере найти его не очень легко, да и цена способна повергнуть обывателя в долгий ступор. Пришлось потратить время на то, чтобы создать рецепт, доступный для приготовления в домашних условиях и максимально приближенный к оригиналу. Результат меня порадовал. Уверена, что и вы не будете разочарованы тем, что получилось. Выход 330 граммов.",27 декабря 2014 года
"Сыр ""Фета ""","Сыр "" ФЕТА"" можно приготовить в домашних условиях. Рецепт давно присмотрела на просторах инета, и вот я его сделала. Получившийся сыр мне понравился больше, чем магазинный. Он жирнее и степень солeности можно регулировать самим.",16 июня 2008 года
"Сыр ""Рикотта""","Еще один наш эксперимент. Получилось очень похоже на брынзу, но все-таки не брынза. И уж не творог точно. Нежный, мягкий, сливочный вкус. Из него получится хороший крем в торты и пироги . Источник - Интернет.",14 марта 2009 года
Домашняя брынза в мультиварке,"Этот рецепт для мультиварки, делается на раз-два-три.",20 декабря 2014 года
Пармезан по-домашнему,"Пармезан по-домашнему в мультиварке Oursson Mi5040PSD. Настоящая паста и ризотто, салат «Цезарь», соус «Песто»… просто немыслимы без этого компонента! Пармезан – это король всех сыров. Самый известный и всемирно-популярный итальянский сорт твердого сыра, имеет глубокий пикантный вкус и бесподобный аромат. Готовьте его самостоятельно, ведь при всей его скромной жирности, тут больше трети белков, и он покрывает суточную потребность взрослого человека в кальции и фосфоре (достаточно 80 г). А как он полезен детям?! Не зря же он включён в рацион космонавтов на МКС. Попробуйте, это любовь с первого укуса!",19 ноября 2014 года
Сыр по-словацки и хлеб на сыворотке,"В одной из домашних кулинарных книг наткнулась на рецепт замечательного сыра. В процессе приготовления пришла идея испечь к этому сыру хлеб!! Поэтому получилось два рецепта в одном! Нежный сливочный сыр с пикантной перечной ноткой отлично сочетается с хрустящим хлебом. Прекрасный вариант для завтрака, для дневного перекуса, для легкого перекуса на природе!",19 апреля 2015 года
Домашний сыр с карри и укропом,"Если у Вас прокисло молоко, не спешите печь дежурные оладушки или пирожки. Приготовьте из него замечательный домашний сыр, который порадует Вас и Ваших домочадцев своим нежным вкусом.",16 июня 2009 года
"Сыр ""Филадельфия"" в домашних условиях",Какой же он нежный и вкусный. Сыр Филадельфия по этому рецепту ничем не отличается от магазинного. По данному рецепту получается 550-600 грамм готового сыра. Однозначно рекомендую!,22 июля 2019 года
Домашний сыр с благородной белой плесенью,"""Бри"" - сыр королей, король сыров. А почему бы не сделать его самим и удивить друзей и родных. Даже обычные бутерброды, приготовленные с этим сыром, станут королевским лакомством на вашем пикнике!",17 июня 2013 года
Мягкий сыр,"Сыр делается очень просто. Получается нежным и вкусным. Напоминает сыр ""Филадельфия"". Можно использовать для приготовления кремов в торт, чизкейков, роллов. Незаменим для бутербродов, как самостоятельно, так и с различными добавками.",7 мая 2017 года
Сыр сливочно-творожный,"Нежный творожно-сливочный сыр ни в чем не уступает магазинному. Разнообразить сыр можно разными добавками чесноком, огурцами, зеленью, пряными травами!",16 октября 2015 года
"Сырок ""К завтраку""","Очень вкусный, нежный сырочек, замечательно подходит для завтрака, различных салатов и выпечки. Угощайтесь на здоровье!",10 апреля 2010 года
Домашний сыр Моцарелла без фермента,"Моцарелла - это вытяжной свежий сыр, являющийся незаменимым ингредиентом большинства блюд итальянской кухни. Этот рецепт настолько простой, что для него не понадобится никаких специальных приспособлений, таких как пищевой термометр и сычужный фермент. Самый главный ингредиент для этого сыра - качественное домашнее не пастеризованное молоко и немного вашего времени и все получится у самых начинающих сыроделов.",13 августа 2020 года
Рикотта из сыворотки,"Очень простой рецепт рикотты на базе сыворотки. Получается кремовый, нежный, вкусный продукт. Я именно так использую домашнюю сыворотку, оставшуюся после ""Коротинского домашнего сыра"" Угощайтесь на здоровье!",28 ноября 2014 года
Плавленый сыр на сковороде,"Домашний плавленый сыр это всегда не только полезно, но и вкусно! Рецептов приготовления плавленого сыра много... Они отличаются способом приготовления и ингредиентами. Я продолжительное время готовила плавленый сыр на водяной бане, а не так давно узнала очень простой и удобный способ! Этой технологией со мной поделился муж моей подруги... Я в свою очередь хочу поделиться с Вами!",8 ноября 2019 года
Сыр на твороге из кефира,"Покорил давно весь мир этот вкусный славный сыр! Сколько видов сыра знаем! Все его мы обожаем! Выручает нас везде! И с закуской на столе, а жульены и спагетти! Чудо бутерброды эти! Суп всегда с ним вкусным будет, кто то в запеканках любит! К овощам и мясу с птицей он конечно пригодится! Друзья дорогие, напомню рецепт, столь скромный и сложностей просто в нем нет! Два литра кефира и масла немного, яйцо добавляем и будет готово!",10 июня 2017 года
"Сыр ""Панир""","О панире известно уже много веков. Этот вкусный свежий домашний сыр - индийский брат адыгейского сыра, используют его в разнообразных блюдах от салатов до сладостей. Его употребление заряжает энергией и быстро восстанавливает силы, укрепляет мышцы и нервную систему, повышает иммунитет, успокаивает ум. Панир считается легко усваиваемой альтернативой мясу. Диетологи считают, что панир можно есть даже людям с непереносимостью молочных продуктов. Вот такой уникальный этот сыр!",12 мая 2016 года
"Сыр ""Качотта любительская""","Предлагаю вам рецепт сыра Качотта, как делаю его я. Любительская, потому что делаю я его немного по-своему. Крафтовый сыр, так сказать. Вам понадобится молоко, закваска, фермент, рассол, термометр, форма и ювелирные весы ( они стоят совсем не дорого). И выдержка в два месяца, чтобы получить действительно нежнейший сливочный сыр, который тает во рту...",26 марта 2020 года
Сливочный сыр,"Очень вкусный сыр который полюбит вся ваша семья. Он готовится очень легко, а главное из простых и доступных продуктов. Он универсален! На основе этого сыра можно готовить разнообразные кремы для торта, а если добавить любимые травы и специи, отлично подходит на бутерброд.",24 мая
"Сыр ""Российский любительский""","Предлагаю вашем вниманию ещё один вкусный, но совсем не сложный в приготовлении сыр. Естественно, рецепт рассчитан на сыроваров, но даже новичок справится с этим сыром. Минимальное количество молока для этого сыра- 13 л молока, менее не рекомендую, проверено опытом. Хотя, если у вас будет маленькая, по диаметру форма, но высокая по высоте, то я думаю, что можно попробовать. Главное, чтобы сыр не был тонким блином, иначе не будет механических глазков, которые и делают его красивым внутри. На фото сыр из 16 л молока.",28 апреля 2020 года
Адыгейский сыр за 15 минут,"Всего 3 основных доступных ингредиентов и 15 минут вашего времени необходимо чтобы приготовить очень вкусный, нежный адыгейский сыр в домашних условиях. Его можно есть как сам по себе, так и использовать для разных салатов, закусок. Рекомендую!",31 мая 2019 года
"Сыр ""Фета""","Конечно, этот сыр готовится из козьего или овечьего молока, но я решила приготовить его из коровьего. Хочу вам сказать, что получился даже очень неплохой сырок. И салатики из него можно готовить вкусненькие, да и так кушать.",21 апреля 2010 года
Брынза,"Делали брынзу у мамы, фотоаппарата у нее нет, поэтому результат запечатлела только дома. Пошагово напишу рецепт, но без фото - извините. Получается очень вкусная брынза, намного вкуснее магазинной! Попробуте!",16 марта 2009 года
"Сыр домашний ""Мультиварочный""","Да-да, именно так - мультиварочный! Современные мультиварки позволяют готовить нам многое, если не все. Однако именно при приготовлении сыра она просто незаменима, потому как позволяет поддерживать такой непростой температурный режим. Сыр получается очень вкусным, может быть как мягким, так и полутвердым, как с добавками, так и без. Но главное, этот сыр мы готовим сами и при этом легко, просто и вкусно!",5 сентября 2014 года
Сыр домашний с зеленью и чесноком,"Очень нежный творожный сыр, пикантный вкус. Для завтрака, на закуску или просто для перекуса очень хорош.",6 апреля 2011 года
А-ля брынза,"Тут есть рецепт настоящей брынзы, а у меня вариация, но не менее вкусная. (рецепт с сайта ""Готовим дома"", автор-Олюка)",26 марта 2009 года
"Сыр ""Филадельфия""","Предлагаю рецепт приготовления известного творожного сыра ""Филадельфия"" в домашних условиях. На сайте есть рецепты этого сыра, но по ним получается лишь подобие, поэтому смело предлагаю вам этот вариант.",22 апреля 2018 года
Мраморный домашний сыр,"Вкусный, нежный домашний сыр",10 мая 2010 года
Голубой сыр сладких грёз,"Если вы любите сыр с голубой плесенью, то этот рецепт для вас. Вам не понадобятся сырные формы, молокосвертывающий фермент или сырое молоко — обязательные атрибуты сыроделия. Молоко (или йогурт) тут сгодится из магазина, а вот голубого сыра кусочек купить придется, но только один раз — потом у вас всегда будет своя голубая плесень и вы сможете делать сыр по желанию. За основу взят рецепт «Голубой сыр сладких грез» из книги Дэвида Эшера «Искусство натурального сыроделия» с небольшими изменениями.",14 февраля 2020 года
"Сыр ""Тофу"" домашний","Простой, недорогой в приготовлении и очень вкусный сыр тофу. За идею рецепта благодарю Люду ""Позитивная кухня"".",11 марта 2018 года
"Сыр рассольный ""Коротинский домашний""","Один из наших любимых сыров, который я делаю всякий раз, как только получается купить большое количество домашнего молока, и он до сих пор не надоел. Расплывается во рту и тает на глазах. Вкус, который просто радует. Угощайтесь.",28 ноября 2014 года
Моцарелла домашняя,Всем кто любит моцареллу посвящается...,8 августа 2013 года
Плавленый сыр всего за 10 минут,"Домашний плавленый сыр по вкусу ничем не уступает качественному покупному, вот только в его составе не содержатся вредные добавки. Он обладает приятным сливочным вкусом и легко намазывается на хлеб.",23 октября 2018 года
Имеретинский сыр,"На заре своей сырной деятельности я уже выкладывал рецепт имеретинского сыра. Это более аутентичный вариант. Максимально близко к тому, как делают в Грузии. Сразу хочу сказать спасибо челябинскому сыроделу Павлу Чечулину, который, путешествуя по Грузии, измерил такие показатели, как время флокуляции, мультипликатор флокуляции и температурные режимы.",18 июня 2018 года
Домашний твердый сыр,"Простой и вкусный сыр! Раньше мы покупали европейские сыры, т. к. в ""наших"" одно пальмовое масло. А с санкциями пришлось научиться делать сыр самой. Первый самый простой рецепт твердого сыра опробован нашей семьей и делюсь им с вами!) Следующий шаг - настоящий созревающий твердый сыр! На фото сыр до застывания)",28 декабря 2014 года
Нежный адыгейский сыр,Порадуйте себя и свою семью нежным вкусным и очень полезным адыгейский сыром!!!,1 июня 2016 года
Домашний сыр за 5 минут,"Сегодня я расскажу Вам, как сделать домашний сыр за 5 минут! Невероятно простой рецепт сыра приготовленного в домашних условиях не оставит никого равнодушным. Домашний сыр – очень ценный продукт, который не содержит консервантов, ароматизаторов и прочих химических добавок. Рецепт сыра из кефира многих удивит. Но поверьте, этот сыр Вам точно понравится! С этим сыром можно экспериментировать: добавлять сладкие ингредиенты, вроде изюма или кураги. И в результате получается десерт. Его можно добавлять в салаты, выпечку и есть просто так. Рецепт приготовления сыра очень прост и не требует специальных приспособлений. Смотрите видео и готовьте вместе со мной этот замечательный домашний сыр.",15 июля 2017 года
"Сыр ""Камамбер"" из козьего молока","Родился этот сыр во Франции. Существует легенда о появлении этого сыра. В 1791 г. нормандская крестьянка Мари Арель во время Французской революции спасла от смерти скрывавшегося от преследования монаха, который в благодарность открыл ей известный лишь ему секрет приготовления этого сыра.",20 мая 2016 года
Домашний плавленый сыр с шампиньонами,"Люблю быстрые рецепты))) Удивите своих близких вкусным домашним плавленым сыром. Его можно использовать как намазку на бутерброд/лаваш, а также хорош в виде соуса к макаронам.",10 марта 2015 года
Сметана жареная для гурманов,"Если вы любите сыр «пармезан» или «пекорино», то этот рецепт для вас. Хотя вам он божет ассоциироваться с другим видом благородного сыра. Мне например с «пармезаном», а вот жене с «пекорино». Рецепт на столько банально прост, что получившийся эффект приводит в восторг. Я указал два раза сметана, так как правило сайта требуют минимум двух ингредиентов, хм..., а тут только домашняя сметана и никаких чудес. ПРИЯТНОГО АППЕТИТА",1 апреля 2014 года
Сыр панир,"Ингредиенты для блюд индийской кухни не всегда просто найти, но один из них – панир – сделать очень просто. Панир – это пресный сыр. Он пористый и мягкий на вкус и поэтому прекрасно впитывает в себя различные вкусы и добавляет блюдам очень приятную текстуру. Кубики сыра замечательно сочетаются с соусом из шпината (Paalak paneer) или пряным томатным соусом (Shahi panner). Также есть замечательное индийское блюдо, в котором панир готовится вместе с картошкой, зеленым горошком и специями (Aloo matar paneer). В каком бы сочетании вы его ни готовили, панир делает блюда нежными и особенными.",16 октября 2014 года
"Сыр творожный ""Десертный""",Нежный легкий сыр с пряными и карамельными нотками отлично подойдет для десерта. Сладкий соевый соус придает сыру особую пикантность. А из получившейся сыворотки вышли отличные блины!,11 апреля 2016 года
Домашний сыр из молока,"Рецепт этого сыра я нашла на сайте сыроделов. Оказывается этот сыр готовят и очень любят в Финляндии и называется он Мунаюуусто. Продукты для сыра доступные, вот я и решила приготовить и узнать, что же они там едят в стране Суоми! И не пожалела! Получился Домашний сыр из молока нежный, со сливочным вкусом, в меру соленый и без кислинки.",24 марта 2015 года
Моцарелла,"Простой рецепт приготовления моцареллы. Так называемый, ускоренный рецепт",27 сентября 2014 года
"Норвежский сыр а-ля ""Мюсост""","Mysost. Случайно нашла рецепт этого сыра у Алексея Онегина, за что ему очень признательна. Была заинтригована, захотелось испробовать это норвежское лакомство! По сведениям кулинарной энциклопедии, данный сыр является предметом национальной гордости норвежцев. Известен с IX—X вв. Еще викинги брали его с собой в больших количествах во время своих морских походов в другие страны как прекрасно концентрированный, стойкий, не подверженный порче пищевой продукт. Мюсост вырабатывается из смеси сывороток коровьего и козьего молока и принадлежит к типу полутвердых сыров, его консистенция напоминает чеддер; цвет мюсоста — характерный, не имеющийся у других видов сыра — темно-бежевый, а вкус своеобразный: пряно- сладковатый. Мюсост в отличие от других сыров не имеет никаких повторений или аналогий в мировом сыроделии. Это чисто норвежское изобретение. Очень трудно, ориентируясь на вкус Мюсоста, определить, закуска ли к пиву это или десерт к чашечке кофе. Поэтому я добавила от себя некоторые изменения.",10 декабря 2015 года
Домашний сыр с укропом,"Думаю, тут много подобных рецептов, но для меня это первый опыт приготовления сыра. Я скомбинировала несколько основных рецептов и могу сказать, что, в общем, сыр удался. Единственные 2 момента: 1. если добавлять только желток (особенно домашнего яйца), то сыр будет приятного желтого цвета; 2. если брать магазинный творог, то в готовом продукте не будет крупинок",23 февраля 2010 года
"Сыр из рикотты, выдержанной в вине","Сыр ""Зигеркейзе"". Зигеркейзе в оригинале делается из сыворотки от козьего молока (с немецкого Zieger käse переводится просто как ""козий сыр""). Я же решила попробовать приготовить этот необычный сыр из того что у меня всегда под рукой, то есть из рикотты сделанной из сыворотки от коровьего молока. Получился просто шикарный сыр, притом что делается просто. С удовольствием делюсь рецептом с вами.",19 марта 2018 года
Домашний сыр,"Домашний сыр, очень лёгкий в приготовлении, и при этом невероятно вкусный и максимально полезный!",25 февраля 2018 года
Халлуми,"Халлуми - классический сыр Кипра. На Кипре его делают из смеси овечьего и козьего молока, но к ним у меня доступа нет, поэтому делаю из коровьего",11 июля 2015 года
"Домашний сыр ""Нежный""","Несложный рецепт приготовления домашнего сыра, который будет отличным дополнением к вашему завтраку и станет любимым лакомством ваших домочадцев!",16 ноября 2014 года
Белпер,"Сыр Belper Knolle придумали в Швейцарии сравнительно недавно (около 20 лет назад). Название состоит из двух частей. Первая часть образована от названия города Бельп (Belp), расположенного неподалеку от Берна. Там этот сыр и придумали. Вторая часть - Knolle. Так на швейцарско-немецком называется гриб трюфель, на который этот сыр похож внешне.",8 августа 2015 года
Робиола,"Робиола — это итальянский сыр из разновидности свежих сыров, коих в Италии числиться довольно много. В честь чего данный сыр получил свое название достоверно неизвестно, но имеется две очень правдоподобных версии. По первой версии сей сыр некогда называли rubeole, т. е. «красный», поскольку у созревшего сыра корочка приобретает красноватый цвет. Вторая версия — географическая, согласно ей в Верчелли — одном из регионов Италии, располагается небольшой городок Роббио, в честь которого и мог получить название сыр Робиола. Неизвестно какая из этих двух версий ближе к истине, но в независимости от этого сыр получился прекрасный.",7 августа 2015 года
Чеддер,Чеддер - это самый классический британский сыр. По версии индийских ученых является самым полезным сортом сыра. Рецепт Павла Чечулина.,21 июня 2015 года
Качотта,"Качотта (Caciotta) один из самых распространенных итальянских сыров. Его делают почти во всех хозяйствах центральной Италии. Это полумягкий свежий сыр. В качотту добавляют зелень, оливки и даже трюфели. Ее коптят, обмазывают перцем, паприкой, виноградной мезгой. Данный рецепт без добавок.",23 марта 2015 года
Сыр сулугуни,Приготовление сыра сулугуни из имеретинского,29 сентября 2014 года
Имеретинский сыр,В каждой сырной культуре есть молодой сыр. В Грузии это - имеретинский сыр. Из него можно сделать сыр сулугуни.,26 сентября 2014 года
Сыр из йогурта,"Необычайно вкусный, нежный сыр, который можно использовать в салаты, для бутербродов, и для фарширования мяса и овощей. Такая заготовка очень пригодится в различных ситуациях, в том числе вам будет не страшен неожиданный приход гостей! Сыр готовится из натурального домашнего йогурта и получается с очень нежной и плотной структурой, без крупинок с невероятным вкусом, который покорит всех.",16 мая 2016 года
Домашний сыр из творога,"Все мы любим сыр, а приготовленный своими руками да еще и при минимуме затрат и времени - любим вдвойне!",23 ноября 2014 года
Фета,"Молодой сыр в греческом стиле. Надо понимать, что настоящая фета делается только в Греции из овечьего и козьего молока, но сыр по этому рецепту получается довольно близким к оригиналу.",19 октября 2014 года
Сыр твердый творожный,"Приготовить домашний твердый сыр не так уж и сложно. Такой сыр можно смело давать малышу, ведь в нем не будет никаких ароматических добавок и красителей. Но сыр такой только кушать или добавлять в салаты, получается, как пресная брынза. Рецепт из группы ""Crazy Cook|Лучшие рецепты!""",20 апреля 2014 года
"Сыр а-ля ""Крешенца""","Правильное, оригинальное название этого сыра Crescenza. В интернете чаще употребляется название Крещенца. Спасибо большое Дмитрию (NDemon) за то что подтолкнул меня к приготовлению нового замечательного сыра. Так как в точности рецепт воспроизвести не удалось, но очень очень близко, поэтому название ""а-ля"". А приготовила я его благодаря замечательной бактериальной закваске ""Мацони"" от Orsik.",16 мая 2016 года
Плавленый домашний сыр,"В мультиварке и не только. Плавленый сыр, приготовленный в домашних условиях, по вкусовым качествам ничуть не уступает магазинным, а даже наоборот! Дети такой сыр уплетают за обе щеки, а я не боюсь за их здоровье.",16 января 2015 года
Твердый сыр швейцарского типа,Рецепт твердого сыра швейцарского типа для домашнего сыродела.,13 октября 2014 года
Адыгейский сыр,"Адыгейский сыр по старинному подлинному рецепту получается очень нежный, вкусный и хранится дольше, чем покупной. Хотя этот сыр долго не залеживается, ведь он очень вкусный.",15 апреля 2015 года
"""Сливочный сыр"" домашний","Увидела в инете идею приготовления сыра, и решила сама приготовить, конечно рецепт изменила по своему вкусу. Решила поделиться с вами, может и вам понравится.",11 июня 2008 года
"Сыр ""Горибалтон""",По мотивам голубого Стилтона. Это Грибалтон (Стилтон). Сыр такой.,18 июля 2016 года
"Моцарелла ""Фиор ди латте""","Моцарелла Фиор ди латте (Mozzarella Fior di latte) изготавливается из коровьего молока. Она менее жирная и содержит меньше влаги, чем Mozzarella di Bufala. Любой итальянский пиццайола Вам скажет, что лучшая итальянская пицца получается с моцареллой Фиор ди латте.",14 февраля 2017 года
Сыр домашний,"Сыр делается очень быстро! Получается безумно вкусным. Если положите больше соли - будет очень похож на солёненькую брынзу, чуть меньше - вкус получается нежным и приятным. В общем очень вкусно в любом случае и делается так просто, что, действительно, не может не получиться.",1 апреля 2016 года
Плавленый сыр,У любого сыродела бывают неудачные сыры. А может у Вас в холодильнике лежал несъеденный кусок сыра и подсох. А может Вам просто захотелось вкусного плавленого сыра. Предлагаю его сделать.,5 августа 2017 года
Моцарелла из козьего молока,"Есть такой сыр. МОЦАРЕЛЛА называется. Корни у него итальянские. Его обычно едят с помидорами и зеленью. И с вялеными помидорами он тоже хорош. Чесслово. « … Моцаре́лла, моццаре́лла (ит. Mozzarella) — молодой итальянскийсыр родом из региона Кампания. Классическая моцарелла (Mozzarella di bufala campana) производится из молока чёрных буйволиц, однако в продаже практически всегда присутствует моцарелла из коровьего молока. Этот сыр продают в виде белых шариков, замоченных в рассоле, так как он долго не хранится. Самая вкусная моцарелла — giornata (однодневной давности), но её можно купить только в Италии. Также моцарелла бывает твердой, как обычный сыр, такую используют для горячих блюд. Выпускается и копчёная моцарелла (Mozzarella affumicata)….»",11 сентября 2015 года
"Сыр ""Драй Джек""","Сыр ""Драй Джек"" в обмазке из какао, кофе и перца. Сыр Драй Джек - это более сухой вариант американского сыра Монтерей Джек. Появился случайно в начале XX века, когда оптовик не смог продать слишком большую партию свежего Джека и он пролежал до 1-й мировой войны, когда прервались поставки сыра из Европы. Покупатели обнаружили, что у выдержанного Джека появился приятный ореховый аромат.",27 мая 2015 года
Мягкий сливочный сыр с лососем и укропом,"Очень простой рецепт домашнего сыра, приготовленного из пастеризованных сливок 10% жирности. Наполнитель малосольный лосось и сушёный укроп. Я завернула сыр в лист нори для удобства, но можно обойтись и без нори. Угощайтесь!!! P.S. Наташенька, с Днём Рождения!!!",30 августа 2016 года
Домашняя брынза без ферментов,Простой и доступный рецепт приготовления брынзы в домашних условиях. Побалуйте себя кусочком вкусной и нежной брынзы!,25 апреля 2015 года
Домашний сыр,"Узнала рецепт от бабушки, прошу строго не оценивать делала всего один раз.",12 августа 2014 года
Сыр Панир или Адыгейский,Для любителей вкусного нежного сыра.,22 августа 2014 года
Домашний сыр типа адыгейского,Молочный сыр в домашних условиях,18 декабря 2007 года
Кесо Фреско,"Queso Fresco. Название сыра буквально переводится как ""свежий сыр"". Это свежий полутвердый сыр родом с Перинейского полуострова. Кроме того это - один из самых популярных сыров Латинской Америки. Рецепт Павла Чечулина.",24 мая 2015 года
Соевое молоко и тофу,"Завалялось у меня немного соевых бобов, а потому снова рецепт, переведенный с китайского кулинарного портала.",25 октября 2015 года
Сыр из козьего молока,"Что это такое за сыр? Приведу вот такой ответ, что называется «по-научному»: «… Рикотта (ricotta) — традиционный итальянский молочный продукт. Часто рикотту именуют сыром, однако формально это неверно: рикотта приготавливается не из молока, а из сыворотки, остающейся после приготовления моцареллы или других сыров. Таким образом, белковой основой рикотты является не казеин...",8 сентября 2015 года
Карфилли,"Карфилли (Caerphilly) - сыр, изобретенный в 1830-е годы в регионе Карфилли в Уэльсе. Рецепт Павла Чечулина.",8 мая 2015 года
Домашний адыгейский сыр,"Рецепт очень вкусного и полезного адыгейского сыра с нежным молочным вкусом и приятным ароматом! Основное достоинство этого сыра состоит в том, что для его приготовления не нужны никакие ферменты или недоступные ингредиенты – достаточно иметь три литра домашнего молока, чайную ложку лимонной кислоты и минут сорок свободного времени! Подробный рецепт в видео под описанием.",7 марта 2015 года
Мягкий десертный сыр с цукатами и миндалём,"Мягкий, нежный сыр из питьевого йогурта. Минимум усилий и прекрасный результат!!! Раньше покупала подобный сыр в магазине, теперь счастлива, что пришлось приготовить его самой. Да, сыр должен был быть с цукатами... хотелось с манго или дыней... но нет... ни того ни другого в магазине не оказалось. И тогда... я купила мармелад - лимонные, апельсиновые и грейпфрутовые дольки. Просто и очень вкусно!!! Угощайтесь!!!",23 августа 2016 года
Домашний сыр с зеленью и маслинами,Для любителей и ценитель сыра! Достаточно просто рецепт очень вкусного и пикантного сыра. В результате получается 800-900 гр вкуснейшнего сыра!,28 июля 2015 года
Пшенно-творожный сыр к завтраку,"Вы любите бутерброды с сыром на завтрак? Тогда этот рецепт специально для Вас. Хочу предложить вариант плавленого домашнего сыра из творога и пшенных хлопьев ТМ ""Мистраль"". Этот сыр лучше всего делать вечером, чтобы за ночь он хорошенько застыл, а утром с чашечкой чая можно наслаждаться его нежнейшим вкусом. Ко всему прочему, содержание в сыре пшенных хлопьев, делает его сытнее и полезнее. Начинайте свой день с вкусной и полезной пищи)",23 сентября 2015 года
Сыр на йогуртной закваске с бонусом,"Очень хотелось сделать сыр Крещенца по совету Дмитрия (NDemon), но такой рецепт уже появился благодаря Надежде (Navely), поэтому позволила себе отступить от классического рецепта и технологии приготовления вышеназванного сыра и не пожалела. Полученный сыр слабосоленый, имеет плотную текстуру на срезе (почти не крошится), выраженный сливочный вкус с нотками маринованных оливок и нежный сырно-пикантный запах. Благодаря сухой закваске для получения мацони от Орсика, в которой содержатся термофильные бактерии и болгарская палочка, подобный сыр можно получить в домашних условиях. Особенно радует, что можно контролировать состав продукта и не сомневаться в его свежести. И в виде приятного бонуса из побочного продукта - сыворотки, к полученному сыру, была сделана нежнейшая рикотта, с рецептом которой так же поделюсь ниже.",19 мая 2016 года
Сыр домашний,"Для тех, кто любит сыры!!! Удивите своих любимых и угостите их сыром, не купленным в магазине, а приготовленным собственными руками!!! Готовится просто и быстро))",13 ноября 2008 года
Сыр Асьяго,"Сыр асьяго происходит с плато Асьяго в провинции Виченца в Италии. Это местность, расположенная на высоте 1000 м над уровнем моря и окруженная горами.",3 июля 2015 года
Домашний плавленный шоколадный сыр,"Рецепт прост! Если вы потратите 20 минут своего времени, у вас будет с чем с утра попить чашечку кофе или съесть замечательный тостик с чаем. А если нет терпения ждать до утра, то вместе с застыванием сыра в холодильнике, у вас уйдёт минут 40.",13 июня 2020 года
Домашний плавленый сыр,"Кто не любит бутерброды с плавленым сыром? Только тот, кто читал состав! Предлагаю самим приготовить вкусный и полезный плавленый сыр. При этом он будет ещё и дешевле покупного. В рецепте нет ни творога, ни яиц. Будем делать сыр из сыра.",21 апреля 2015 года
"Домашний сыр ""Топленое молоко""","Продолжая эксперименты с топленым молоком, хочу предложить вашему вниманию - сыр с топленым молоком.",11 мая 2014 года
"Сыр ""Гауда""",Гауда - самый известный голландский сыр. Рецепт Павла Чечулина.,26 июля 2015 года
"Сыр ""Валансе"" из козьего молока","Французский сыр из козьего молока Valencay, изготовленный в форме усечённой пирамиды обсыпанной древесной золой фруктовых деревьев. По легенде, изначальная форма была пирамидальной, однако у Наполеона, вернувшегося после провальной Египетской компании, это вызвало неприятные воспоминания, и он отрубил саблей верхушку.",23 мая 2016 года
"Сыр ""Фромаж блан""","Fromage blanc - свежий французский сыр кремовой структуры. Его близкие родственники - американский кримчиз, немецкий кварк. Их рецепты похожи на рецепт фромаж блан, как две капли воды, так что, если Вы освоите приготовление фромаж блан, можете смело говорить, что умеете делать и кримчиз, и кварк.",20 октября 2015 года
"Домашний сыр ""Фета""","Такой домашний сыр получается менее калорийным, легким, но по вкусу ничем не уступает оригинальному сыру фета. Сыр фета станет отличным дополнением для вашего салата или просто как самостоятельное блюдо!",16 мая 2015 года
"Сыр ""Халуми"" и ""Анари"" из козьего молока","Вот такой он … сыр Халуми. Халуми — скороспелый полутвердый рассольный сыр, сделанный из смеси козьего и коровьего молока либо — только из козьего, с добавлением мяты, которая, считается, усиливает вкус и, кроме того, имеет естественное антибактериальное действие, что увеличивает срок хранения сыра. Халуми имеет высокую температуру плавления, и поэтому его можно обжарить или приготовить на гриле.",73 месяца назад
Сыр плавленый,"Настоящий плавленый сыр из твердого сычужного сыра. Имеет характерный вкус и консистенцию, присущую данному виду сыра.",25 мая 2016 года
Сыр бабушкин,"Сыр вкусный, солоноватый, очень нежный - во рту тает.",23 ноября 2009 года
"Сыр ""Рикотта салата""","Ricotta salata (Ricotta romano)- твердый, соленый сыр из Италии. В основе этого сыра используется обычная рикотта",26 сентября 2016 года
Сыр домашний,Приготовления домашнего сыра при помощи фермента,30 сентября 2013 года
Домашний сыр с паприкой и тмином,"Домашний сыр - это так вкусно! Натуральные ингредиенты, ваши ручки, немного времени и ваша семья будет вкушать настоящий мягкий сыр.",7 декабря 2015 года
Канестрато,Канестрато - сицилийский сыр из корзинки,27 июня 2015 года
Сыр маскарпоне,"Рецепт из книги рецептов для мультиварки. У меня REDMOND RMC-250. Если в вашей книге рецептов для мультиварки, нет такого рецепта, он легко может быть адаптирован.",8 июня 2015 года
"Домашний сыр ""Рикотта""","Сегодня мы с вами будем готовить итальянский сыр рикотта – и после того, как вы освоите эту нехитрую процедуру, вы больше никогда не будете покупать рикотту в магазине. Помимо очевидной экономии, домашняя рикотта еще и имеет гораздо более сливочную текстуру и нежный вкус. Используйте ее для закусок, пасты, лазаньи, выпечки и десертов. При этом, если вы готовите домашнюю рикотту для десерта, можно уменьшить количество соли, увеличить соотношение молока и сливок и/или взять более жирные сливки для лучшего результата.",22 апреля 2015 года
Домашний козий сыр,Нередко готовлю сыр в домашних условиях из коровьего молока. На этот раз нас угостили хорошей порцией козьего молока. Решила приготовить и из него сыр. Вкусом семья осталась довольна: у козьего сыра ярко выраженный сливочный вкус. Он просто тает во рту!,21 июля 2013 года
"Зерненый творог ""Коттедж чиз""","Cottage cheese - этот сыр так же известен как ""Деревенский сыр"", ""Фермерский "", у нас он продается как зерненый творог со сливками и как правило он дороже простого творога, но он и вкуснее, я его просто обожаю. А теперь, благодаря Дмитрию (NDemon) и закваскам Orsik я научилась делать его сама.",29 мая 2016 года
"Сыр, заряженный пивом","Сыр - хорошая закуска к пиву, так уверяют в пабах. А американские сыроделы придумали объединить сыр и пиво.",2 июня 2015 года
Домашний сыр без яиц в молоковарке,"Если Вы любите домашний сыр также, как и мы, то этот рецепт для вас! Источник рецепта: хлебопечка ру., автор – Omela. Слова автора, фото мои. Заходите и угощайтесь!",6 мая
Домашняя моцарелла и идея закуски,"Сегодня очень трудно найти в магазине любой сыр хорошего качества даже из коровьего молока, а учитывая, что классический сыр ""Моцарелла"" готовится из молока черных буйволиц, так это вообще ставит под сомнение факт, что он ""настоящий"". К тому же, из-за нечестности производителей сравнение домашнего варианта с покупным, вероятно, теряет смысл. Главное, что моцарелла, приготовленная по данному рецепту, по вкусу и внешнему виду полностью соответствует описаниям в разных источниках. Готовый продукт имеет блестящую и гладкую поверхность, слоистую, но без пузырьков воздуха, чуть упругую внутреннюю структуру и при разрезании сыра вытекает немного белой жидкости. Моцарелла получается нежная, очень сливочная, но пресноватая на вкус. Молоко обязательно должно быть свежим и жирным. Так как Моцарелла — молодой сыр, то и молоко должно быть использовано свежайшее. Итальянцы уверены, что с момента дойки должно пройти не более 12 часов. Заквашивание молока осуществляется при помощи сычужного фермента. Но, если вы, как и я, по определённым причинам не доверяете интернет-магазинам, то можете смело использовать аптечный препарат ""Ацидин-пепсин"". Процесс приготовления Моцареллы в домашних условиях на самом деле очень простой. Но необходимо соблюсти температурный режим и на сайте многие сыровары (профессиональные и нет) уже делились своим опытом. Но в кастрюле без термометра «на глазок» готовить очень рискованно. И вот как раз в данном рецепте пойдет речь о том, как приготовить моцареллу в случае его отсутствия, а поможет в этом мультиварка. Готовлю так уже несколько лет и, несмотря теперь даже, что термометр есть, мне привычнее «по-старинке». Постаралась описать очень понятно и доступно, чтобы и у вас всё получилось. Но если у вас возникнут вопросы, то обязательно задавайте, я очень постараюсь вам помочь. Готовьте смелее и пусть у вас все получится! А еще в дополнение и вариант закуски. Угощайтесь!",3 июня 2020 года
Сыр Деревенский,"Мягкий и нежный сыр с насыщенным сливочным вкусом. Очень хорош с…, впрочем об этом немного позже. Этот сыр приготовлен из козьего молока, но по приведенной технологии его можно приготовить и из коровьего, и…, да хоть из птичьего готовьте. Главное, чтобы молоко было действительно настоящим.",18 ноября 2020 года
Бурратина,Бурратина - это буррата уменьшенного размера,27 сентября 2014 года
Домашний сыр,Домашний сыр,30 марта 2008 года
Творожный плавленный сыр,"У вас не займёт много времени приготовить свой плавленный сыр с любимыми добавками. У меня рецепт базовый, не стала вмешивать добавки. Для цвета можно ввести паприку, тмин или другие специи, травы.",8 июля 2020 года
Надуги в мини-лепешках из сулугуни,"Каждое наше путешествие в новое место влечет очередное познание местной кухни. Вот и в этот раз, посетив Тбилиси, мне удалось открыть для себя новенькое. Все мы знаем сыр сулугуни, но мало кто знает, что есть его разновидность - лепешки. Эти лепешки продают на рынках Грузии. Это такие тоненькие, почти прозрачные блинчики, размером с блюдце, с узнаваемым вкусом. При покупке сыра на рынке, женщина-продавец угостила нас сулугунной лепешкой внутри которой находился нежнейший сыр - надуги. Поэтому блюдо и имеет такое название. Порасспросив грузинских друзей и порыскав в паутине интернета, сделала вывод: начинка для эти блинчиков идентична уже известной рикотте.",27 октября 2015 года
Домашний сыр с зеленью и перцем,"Нашла рецепт на просторах интернета, автор, к сожалению, указан не был. Честно поискала на сайте аналогичный рецепт, не нашла.. Спешу поделиться!",8 мая 2015 года
"Козий сыр ""Шевр""",Chèvre — мягкий французский сыр из козьего молока.,25 сентября 2015 года
Дубровенский сыр,"Сливочно-белоснежный сыр с неповторимым вкусом, передающий в себе все тонкие нотки березового сока, так знакомого с детства.",29 сентября 2013 года
Домашний козий сыр с пряностями,"Недавно меня угостили несколькими литрами козьего молока. Решила сделать домашний сыр, т. к. козий сыр – настоящий деликатес, к тому же по своей полезности он превосходит традиционный коровий сыр. А чтобы моих дегустаторов не смутил необычный привкус козьего молока, решила добавить немного сухого чеснока и пряные травы.",15 сентября 2014 года
Шоколадный плавленый сыр с грецкими орехами,Приготовление шоколадного плавленого сыра не потребует у Вас огромных усилий. Он очень легко намазывается на хлеб или печенье. Ваши домочадцы будут кушать его с огромным удовольствием!,6 декабря 2015 года
Творожный сыр для бутербродов,"Бутерброд для многих самая лучшая закуска. Когда в холодильнике есть приготовленный домашний творожный сливочный сыр, то любые неожиданные гости, множественные перекусы - совсем не проблема. Основа данных бутербродов - домашний творожный сыр, а в данной публикации - рецепт его приготовления. Сыр вкусный даже без добавок, но если захочется любимую зелень или приправы - основа для творчества уже готова!",29 июня 2020 года
"Сыр ""Клубничный""","Домашний сладковатый сыр насыщенный вкусам и ароматом клубники. Необычный, интересный и вкусный десерт, который съедят все, даже кто не любит творог. С этим сыром хорошо сочетаются фрукты и ягоды, поэтому можно его использовать в салаты, приготовить фруктовое канопе.",4 июля 2016 года
Сыр Филадельфия в домашних условиях,"Похожий рецепт с фото был размещен автором по этой ссылке - http://www.povarenok .ru/recipes/show/226 48/ Поэтому прошу прощения за повторение. Рецепт немного отличается, но суть остается та же )) Я сделала видео-рецепт приготовления данного сыра (еще не зная, что он уже есть на Поваренке). Поэтому если кому пригодится видео-рецепт - буду рада!",22 декабря 2014 года
Брынза,"Вкусная и полезная брынза в домашних условиях, готовится очень просто! Рецепт рассчитан на 3 литра молока, в результате получается примерно 0,5 кг сыра. Подробный рецепт в видео ниже.",7 ноября 2014 года
"Сыр плавленый ""Коралл""","Рецепт для кухонной машины Oursson KM1010HSD. Эта легкая закуска и бокал вина помогут создать вам романтическое настроение в особенный для вас день... А может и просто облагородит элементами шика утренний бутерброд и порадует вас вкусом! Домашний плавленый сыр ""Коралл"", такой нежный, кремовый, с кусочками сёмги…Прелесть! И отличный перекус со штрихами ресторанного изыска!",26 сентября 2014 года
Домашний молодой сыр,"Сегодня приготовим домашний сыр на молоке с использованием фермента. Сыр получается сливочным, со сладковатым вкусом. Для сыра лучше покупать не пастеризованное молоко, но его не так легко найти в большом городе, поэтому мы решили поэкспериментировать и использовать обычное магазинное пастеризованное молоко. Из 3.5л молока у нас вышло чуть меньше 600 грамм сыра. Мы делаем сыр в мультиварке, если у вас ее нет, то можно использовать водяную баню, но это будет сложнее.",25 января 2019 года
Творожный сыр по Дюкану,Творожный сыр по Дюкану Curd cheese by Dukan,3 апреля 2015 года
Домашняя брынза из коровьего молока,"Брынза - один из вкуснейших сыров, которые с легкостью можно приготовить дома.",18 сентября 2019 года
"Сыр творожный ""Филадельфия""","Творожный сыр, можно применять в приготовление тортов и суши.",24 февраля 2020 года
Сыр Качотта с фисташками,"Качотта - это итальянский полумягкий столовый сыр с закрытой текстурой (без глазков). Он популярен на своей родине, его готовят в Италии повсеместно, используя различные сорта молока, а также дополняя различными добавками. ""Качотта"" переводится с итальянского как ""сырок"", что указывает на небольшие размеры сыров этого семейства, а также на их нежный и мягкий вкус и непродолжительный период созревания.",4 января 2020 года
Сыр Тильзитер,"Сыр Тильзитер - полутвердый сыр родом из Германии. Также этот сыр производится в Швейцарии и различают несколько видов швейцарского Тильзитера. Традиционно готовится из коровьего молока, возможно приготовление с добавлением коровьих сливок.",4 января 2020 года
